0, 262144, 512, 1, 512, 2687677, 2586720, 2586208, 0.49043, 0, 0, 524288, 512, 1, 1024, 2578365, 7843, 7331, 0.00303263, 0
0, 262144, 512, 2, 256, 3217188, 2054905, 2053881, 0.38977, 0, 0, 524288, 512, 2, 512, 2041393, 12488, 11464, 0.0060802, 0
0, 262144, 512, 4, 128, 3585777, 1686331, 1684283, 0.319859, 0, 0, 524288, 512, 4, 256, 1663761, 20522, 18474, 0.0121844, 0
0, 262144, 512, 8, 64, 3270765, 2001343, 1997247, 0.37961, 0, 0, 524288, 512, 8, 128, 1962786, 34461, 30365, 0.0172543, 0
0, 262144, 512, 16, 32, 3424475, 1847633, 1839441, 0.350454, 0, 0, 524288, 512, 16, 64, 1780655, 58786, 50602, 0.0319586, 0
0, 262144, 512, 32, 16, 3683819, 1588300, 1571916, 0.301264, 0, 0, 524288, 512, 32, 32, 1472054, 99862, 83528, 0.0635288, 0
0, 262144, 512, 64, 8, 3942298, 1329821, 1297053, 0.252237, 0, 0, 524288, 512, 64, 16, 1121708, 175345, 142785, 0.135187, 0
0, 262144, 512, 128, 4, 4444469, 827624, 770091, 0.156982, 0, 0, 524288, 512, 128, 8, 532417, 237674, 175920, 0.308631, 0
0, 262144, 512, 256, 2, 4379954, 894475, 815779, 0.169587, 0, 0, 524288, 512, 256, 4, 562410, 253369, 177623, 0.310585, 0
0, 262144, 512, 512, 1, 4252883, 1019260, 915943, 0.193329, 0, 0, 524288, 512, 512, 2, 658536, 257407, 175328, 0.281029, 0
0, 262144, 256, 1, 1024, 3060862, 2211270, 2211014, 0.419426, 0, 0, 524288, 256, 1, 2048, 2205717, 5297, 5041, 0.00239573, 0
0, 262144, 256, 2, 512, 3047560, 2224544, 2224032, 0.421946, 0, 0, 524288, 256, 2, 1024, 2216343, 7689, 7177, 0.00345723, 0
0, 262144, 256, 4, 256, 2998643, 2273454, 2272430, 0.431224, 0, 0, 524288, 256, 4, 512, 2260126, 12304, 11280, 0.00541447, 0
0, 262144, 256, 8, 128, 3338291, 1936048, 1934000, 0.367069, 0, 0, 524288, 256, 8, 256, 1913328, 20672, 18624, 0.0106887, 0
0, 262144, 256, 16, 64, 3248947, 2023150, 2019054, 0.383747, 0, 0, 524288, 256, 16, 128, 1984510, 34544, 30449, 0.017109, 0
0, 262144, 256, 32, 32, 3683935, 1588208, 1580016, 0.301245, 0, 0, 524288, 256, 32, 64, 1521075, 58941, 50752, 0.0373041, 0
0, 262144, 256, 64, 16, 3576209, 1695934, 1679550, 0.321678, 0, 0, 524288, 256, 64, 32, 1579770, 99780, 83449, 0.0594088, 0
0, 262144, 256, 128, 8, 3933749, 1338398, 1305630, 0.253862, 0, 0, 524288, 256, 128, 16, 1130793, 174837, 142279, 0.13391, 0
0, 262144, 256, 256, 4, 4319990, 952118, 894621, 0.180595, 0, 0, 524288, 256, 256, 8, 656722, 237899, 176176, 0.265922, 0
0, 262144, 256, 512, 2, 4359089, 913015, 834564, 0.173178, 0, 0, 524288, 256, 512, 4, 583055, 251509, 175652, 0.301366, 0
0, 262144, 256, 1024, 1, 4304873, 967224, 863908, 0.183461, 0, 0, 524288, 256, 1024, 2, 606279, 257629, 175580, 0.298213, 0
0, 262144, 128, 1, 2048, 2943314, 2328794, 2328666, 0.44172, 0, 0, 524288, 128, 1, 4096, 2324178, 4488, 4360, 0.00192728, 0
0, 262144, 128, 2, 1024, 2862705, 2409399, 2409143, 0.457009, 0, 0, 524288, 128, 2, 2048, 2403871, 5272, 5016, 0.00218833, 0
0, 262144, 128, 4, 512, 2981919, 2290185, 2289673, 0.434397, 0, 0, 524288, 128, 4, 1024, 2281941, 7732, 7220, 0.0033769, 0
0, 262144, 128, 8, 256, 3171629, 2100479, 2099455, 0.398414, 0, 0, 524288, 128, 8, 512, 2087140, 12315, 11291, 0.00586581, 0
0, 262144, 128, 16, 128, 3522555, 1749581, 1747533, 0.331854, 0, 0, 524288, 128, 16, 256, 1727028, 20505, 18457, 0.0117337, 0
0, 262144, 128, 32, 64, 3101477, 2170631, 2166535, 0.41172, 0, 0, 524288, 128, 32, 128, 2132069, 34466, 30372, 0.0159084, 0
0, 262144, 128, 64, 32, 3654554, 1619834, 1611642, 0.307113, 0, 0, 524288, 128, 64, 64, 1552222, 59420, 51239, 0.0368692, 0
0, 262144, 128, 128, 16, 3704970, 1567123, 1550739, 0.297249, 0, 0, 524288, 128, 128, 32, 1451098, 99641, 83301, 0.0642539, 0
0, 262144, 128, 256, 8, 3870249, 1401894, 1369126, 0.265906, 0, 0, 524288, 128, 256, 16, 1194053, 175073, 142532, 0.127872, 0
0, 262144, 128, 512, 4, 4241494, 1030610, 973176, 0.195484, 0, 0, 524288, 128, 512, 8, 735438, 237738, 175961, 0.244291, 0
0, 262144, 128, 1024, 2, 4341407, 930726, 852357, 0.176537, 0, 0, 524288, 128, 1024, 4, 601069, 251288, 175459, 0.294815, 0
0, 262144, 128, 2048, 1, 4328054, 944089, 840722, 0.179071, 0, 0, 524288, 128, 2048, 2, 583377, 257345, 175447, 0.3061, 0
0, 262144, 64, 1, 4096, 2794669, 2477460, 2477396, 0.469916, 0, 0, 524288, 64, 1, 8192, 2471853, 5543, 5479, 0.00223743, 0
0, 262144, 64, 2, 2048, 3426480, 1847926, 1847798, 0.350357, 0, 0, 524288, 64, 2, 4096, 1843320, 4478, 4350, 0.00242342, 0
0, 262144, 64, 4, 1024, 3382446, 1889662, 1889406, 0.358426, 0, 0, 524288, 64, 4, 2048, 1884181, 5225, 4969, 0.00276542, 0
0, 262144, 64, 8, 512, 2807202, 2464906, 2464394, 0.467537, 0, 0, 524288, 64, 8, 1024, 2456735, 7659, 7147, 0.00310786, 0
0, 262144, 64, 16, 256, 3021574, 2250569, 2249545, 0.426879, 0, 0, 524288, 64, 16, 512, 2237197, 12348, 11324, 0.00548911, 0
0, 262144, 64, 32, 128, 3582279, 1689825, 1687777, 0.320522, 0, 0, 524288, 64, 32, 256, 1667284, 20493, 18445, 0.012142, 0
0, 262144, 64, 64, 64, 3242335, 2029758, 2025662, 0.385, 0, 0, 524288, 64, 64, 128, 1991088, 34574, 30478, 0.017068, 0
0, 262144, 64, 128, 32, 3551829, 1720264, 1712072, 0.326296, 0, 0, 524288, 64, 128, 64, 1653319, 58753, 50570, 0.0343169, 0
0, 262144, 64, 256, 16, 3544646, 1729742, 1713358, 0.327951, 0, 0, 524288, 64, 256, 32, 1612516, 100842, 84513, 0.0588563, 0
0, 262144, 64, 512, 8, 3796832, 1475265, 1442497, 0.279825, 0, 0, 524288, 64, 512, 16, 1267402, 175095, 142538, 0.121383, 0
0, 262144, 64, 1024, 4, 4241830, 1030263, 973077, 0.195418, 0, 0, 524288, 64, 1024, 8, 735454, 237623, 175833, 0.244198, 0
0, 262144, 64, 2048, 2, 4282456, 989687, 911539, 0.18772, 0, 0, 524288, 64, 2048, 4, 659837, 251702, 175855, 0.276129, 0
0, 262144, 64, 4096, 1, 4221036, 1051057, 948042, 0.199362, 0, 0, 524288, 64, 4096, 2, 690333, 257709, 175493, 0.271833, 0
0, 262144, 32, 1, 8192, 3408783, 1863325, 1863293, 0.353431, 0, 0, 524288, 32, 1, 16384, 1852015, 11278, 11246, 0.00605273, 0
0, 262144, 32, 2, 4096, 3641652, 1630495, 1630431, 0.309266, 0, 0, 524288, 32, 2, 8192, 1625076, 5355, 5291, 0.00328441, 0
0, 262144, 32, 4, 2048, 3167007, 2105151, 2105023, 0.399296, 0, 0, 524288, 32, 4, 4096, 2100638, 4385, 4257, 0.00208311, 0
0, 262144, 32, 8, 1024, 3407893, 1864250, 1863994, 0.353604, 0, 0, 524288, 32, 8, 2048, 1858733, 5261, 5005, 0.00282243, 0
0, 262144, 32, 16, 512, 3275467, 1996637, 1996125, 0.378717, 0, 0, 524288, 32, 16, 1024, 1988413, 7712, 7200, 0.00386349, 0
0, 262144, 32, 32, 256, 3153853, 2118251, 2117227, 0.401785, 0, 0, 524288, 32, 32, 512, 2105030, 12197, 11173, 0.00576084, 0
0, 262144, 32, 64, 128, 3308474, 1963630, 1961582, 0.372457, 0, 0, 524288, 32, 64, 256, 1941170, 20412, 18364, 0.0104059, 0
0, 262144, 32, 128, 64, 3445820, 1826284, 1822188, 0.346405, 0, 0, 524288, 32, 128, 128, 1787672, 34516, 30420, 0.0189421, 0
0, 262144, 32, 256, 32, 3373938, 1898155, 1889963, 0.360038, 0, 0, 524288, 32, 256, 64, 1831194, 58769, 50581, 0.0310953, 0
0, 262144, 32, 512, 16, 3359954, 1912143, 1895759, 0.362691, 0, 0, 524288, 32, 512, 32, 1796197, 99562, 83233, 0.0525183, 0
0, 262144, 32, 1024, 8, 3744558, 1527535, 1494767, 0.28974, 0, 0, 524288, 32, 1024, 16, 1319871, 174896, 142335, 0.117006, 0
0, 262144, 32, 2048, 4, 4142425, 1129683, 1072423, 0.214275, 0, 0, 524288, 32, 2048, 8, 834969, 237454, 175790, 0.221418, 0
0, 262144, 32, 4096, 2, 4191479, 1080629, 1002422, 0.204971, 0, 0, 524288, 32, 4096, 4, 751139, 251283, 175498, 0.250676, 0
0, 262144, 32, 8192, 1, 4147259, 1124849, 1021519, 0.213358, 0, 0, 524288, 32, 8192, 2, 764096, 257423, 175267, 0.252, 0
0, 262144, 16, 1, 16384, 3225343, 2046761, 2046745, 0.388225, 0, 0, 524288, 16, 1, 32768, 2007113, 39632, 39616, 0.0193634, 0
0, 262144, 16, 2, 8192, 3630378, 1641758, 1641726, 0.311403, 0, 0, 524288, 16, 2, 16384, 1631096, 10630, 10598, 0.00647489, 0
0, 262144, 16, 4, 4096, 3174476, 2097632, 2097568, 0.397873, 0, 0, 524288, 16, 4, 8192, 2092298, 5270, 5206, 0.00251243, 0
0, 262144, 16, 8, 2048, 3133470, 2138662, 2138534, 0.405654, 0, 0, 524288, 16, 8, 4096, 2134091, 4443, 4315, 0.00207759, 0
0, 262144, 16, 16, 1024, 2476484, 2795630, 2795374, 0.530267, 0, 0, 524288, 16, 16, 2048, 2790228, 5146, 4890, 0.0018409, 0
0, 262144, 16, 32, 512, 3370769, 1901374, 1900862, 0.360645, 0, 0, 524288, 16, 32, 1024, 1893178, 7684, 7172, 0.00404238, 0
0, 262144, 16, 64, 256, 3055160, 2216948, 2215924, 0.420505, 0, 0, 524288, 16, 64, 512, 2203648, 12276, 11252, 0.0055399, 0
0, 262144, 16, 128, 128, 3119265, 2152843, 2150795, 0.408346, 0, 0, 524288, 16, 128, 256, 2130420, 20375, 18327, 0.00947324, 0
0, 262144, 16, 256, 64, 3532357, 1742036, 1737940, 0.330282, 0, 0, 524288, 16, 256, 128, 1703223, 34717, 30622, 0.0199759, 0
0, 262144, 16, 512, 32, 3584573, 1687535, 1679343, 0.320087, 0, 0, 524288, 16, 512, 64, 1620634, 58709, 50526, 0.0349595, 0
0, 262144, 16, 1024, 16, 3514253, 1757894, 1741510, 0.33343, 0, 0, 524288, 16, 1024, 32, 1641928, 99582, 83265, 0.0571814, 0
0, 262144, 16, 2048, 8, 3773164, 1498944, 1466176, 0.284316, 0, 0, 524288, 16, 2048, 16, 1291479, 174697, 142137, 0.119151, 0
0, 262144, 16, 4096, 4, 4002273, 1269863, 1212580, 0.240863, 0, 0, 524288, 16, 4096, 8, 975430, 237150, 175284, 0.195575, 0
0, 262144, 16, 8192, 2, 3954448, 1317684, 1239210, 0.249934, 0, 0, 524288, 16, 8192, 4, 988710, 250500, 174777, 0.202145, 0
0, 262144, 16, 16384, 1, 4140636, 1131461, 1027866, 0.214613, 0, 0, 524288, 16, 16384, 2, 770955, 256911, 174979, 0.249946, 0
0, 262144, 8, 1, 32768, 3116332, 2155765, 2155757, 0.408901, 0, 0, 524288, 8, 1, 65536, 2019098, 136659, 136651, 0.0633926, 0
0, 262144, 8, 2, 16384, 3221169, 2050950, 2050934, 0.389018, 0, 0, 524288, 8, 2, 32768, 2010384, 40550, 40534, 0.0197715, 0
0, 262144, 8, 4, 8192, 3333411, 1938686, 1938654, 0.367726, 0, 0, 524288, 8, 4, 16384, 1926237, 12417, 12385, 0.00640496, 0
0, 262144, 8, 8, 4096, 3833952, 1438145, 1438081, 0.272784, 0, 0, 524288, 8, 8, 8192, 1432733, 5348, 5284, 0.00371884, 0
0, 262144, 8, 16, 2048, 3065007, 2207111, 2206983, 0.418638, 0, 0, 524288, 8, 16, 4096, 2202524, 4459, 4331, 0.00202041, 0
0, 262144, 8, 32, 1024, 3374639, 1897475, 1897219, 0.359908, 0, 0, 524288, 8, 32, 2048, 1891986, 5233, 4977, 0.00275825, 0
0, 262144, 8, 64, 512, 3287097, 1985007, 1984495, 0.376511, 0, 0, 524288, 8, 64, 1024, 1976897, 7598, 7086, 0.00382868, 0
0, 262144, 8, 128, 256, 3409420, 1862684, 1861660, 0.353309, 0, 0, 524288, 8, 128, 512, 1849496, 12164, 11140, 0.00653395, 0
0, 262144, 8, 256, 128, 3029767, 2245063, 2243015, 0.425618, 0, 0, 524288, 8, 256, 256, 2222416, 20599, 18551, 0.00918362, 0
0, 262144, 8, 512, 64, 3223603, 2048505, 2044409, 0.388555, 0, 0, 524288, 8, 512, 128, 2010137, 34272, 30176, 0.0167638, 0
0, 262144, 8, 1024, 32, 3347738, 1924366, 1916174, 0.365009, 0, 0, 524288, 8, 1024, 64, 1857612, 58562, 50374, 0.0305619, 0
0, 262144, 8, 2048, 16, 3436488, 1835620, 1819236, 0.348176, 0, 0, 524288, 8, 2048, 32, 1719976, 99260, 82930, 0.0545614, 0
0, 262144, 8, 4096, 8, 3802192, 1469951, 1437183, 0.278815, 0, 0, 524288, 8, 4096, 16, 1263002, 174181, 141600, 0.121196, 0
0, 262144, 8, 8192, 4, 3997228, 1274869, 1217565, 0.241814, 0, 0, 524288, 8, 8192, 8, 980805, 236760, 174953, 0.194454, 0
0, 262144, 8, 16384, 2, 3874295, 1397798, 1319312, 0.265132, 0, 0, 524288, 8, 16384, 4, 1068933, 250379, 174712, 0.18978, 0
0, 262144, 8, 32768, 1, 4106969, 1165178, 1061685, 0.221006, 0, 0, 524288, 8, 32768, 2, 805325, 256360, 174600, 0.241465, 0
0, 262144, 4, 1, 65536, 3537096, 1735047, 1735043, 0.329097, 0, 0, 524288, 4, 1, 131072, 1350095, 384948, 384944, 0.221867, 0
0, 262144, 4, 2, 32768, 3400662, 1871452, 1871444, 0.354972, 0, 0, 524288, 4, 2, 65536, 1737999, 133445, 133437, 0.0713059, 0
0, 262144, 4, 4, 16384, 2609711, 2662393, 2662377, 0.504996, 0, 0, 524288, 4, 4, 32768, 2619928, 42449, 42433, 0.015944, 0
0, 262144, 4, 8, 8192, 3627211, 1644893, 1644861, 0.311999, 0, 0, 524288, 4, 8, 16384, 1631421, 13440, 13408, 0.0081709, 0
0, 262144, 4, 16, 4096, 3445214, 1826894, 1826830, 0.346521, 0, 0, 524288, 4, 16, 8192, 1821082, 5748, 5684, 0.00314643, 0
0, 262144, 4, 32, 2048, 2713503, 2558629, 2558501, 0.485312, 0, 0, 524288, 4, 32, 4096, 2553934, 4567, 4439, 0.00178503, 0
0, 262144, 4, 64, 1024, 3183726, 2088406, 2088150, 0.396122, 0, 0, 524288, 4, 64, 2048, 2082791, 5359, 5103, 0.00256639, 0
0, 262144, 4, 128, 512, 3316733, 1955414, 1954902, 0.370895, 0, 0, 524288, 4, 128, 1024, 1947293, 7609, 7097, 0.00389227, 0
0, 262144, 4, 256, 256, 2994846, 2277262, 2276238, 0.431945, 0, 0, 524288, 4, 256, 512, 2263915, 12323, 11299, 0.00541376, 0
0, 262144, 4, 512, 128, 3277372, 1994736, 1992688, 0.378356, 0, 0, 524288, 4, 512, 256, 1972206, 20482, 18434, 0.0102786, 0
0, 262144, 4, 1024, 64, 3149905, 2122192, 2118096, 0.402533, 0, 0, 524288, 4, 1024, 128, 2083844, 34252, 30157, 0.0161711, 0
0, 262144, 4, 2048, 32, 3492412, 1779681, 1771489, 0.337566, 0, 0, 524288, 4, 2048, 64, 1713270, 58219, 50030, 0.0328644, 0
0, 262144, 4, 4096, 16, 3452383, 1819725, 1803341, 0.345161, 0, 0, 524288, 4, 4096, 32, 1704662, 98679, 82332, 0.0547201, 0
0, 262144, 4, 8192, 8, 3587401, 1684742, 1651975, 0.319555, 0, 0, 524288, 4, 8192, 16, 1478453, 173522, 140909, 0.105039, 0
0, 262144, 4, 16384, 4, 3790192, 1481916, 1424884, 0.281086, 0, 0, 524288, 4, 16384, 8, 1188454, 236430, 174427, 0.165929, 0
0, 262144, 4, 32768, 2, 3957082, 1315026, 1237073, 0.249431, 0, 0, 524288, 4, 32768, 4, 986721, 250352, 174810, 0.202374, 0
0, 262144, 4, 65536, 1, 3763749, 1508380, 1404375, 0.286105, 0, 0, 524288, 4, 65536, 2, 1148259, 256116, 174903, 0.18237, 0
0, 262144, 2, 1, 131072, 3420810, 1851298, 1851296, 0.351149, 0, 0, 524288, 2, 1, 262144, 1005794, 845502, 845500, 0.456708, 0
0, 262144, 2, 2, 65536, 3463514, 1808579, 1808575, 0.343048, 0, 0, 524288, 2, 2, 131072, 1406218, 402357, 402353, 0.222472, 0
0, 262144, 2, 4, 32768, 3302614, 1969479, 1969471, 0.373567, 0, 0, 524288, 2, 4, 65536, 1811873, 157598, 157590, 0.0800205, 0
0, 262144, 2, 8, 16384, 3247919, 2024184, 2024168, 0.383942, 0, 0, 524288, 2, 8, 32768, 1967398, 56770, 56754, 0.0280461, 0
0, 262144, 2, 16, 8192, 2780918, 2491225, 2491193, 0.472526, 0, 0, 524288, 2, 16, 16384, 2470575, 20618, 20586, 0.00827636, 0
0, 262144, 2, 32, 4096, 3887763, 1384341, 1384277, 0.262578, 0, 0, 524288, 2, 32, 8192, 1373724, 10553, 10489, 0.00762347, 0
0, 262144, 2, 64, 2048, 3539098, 1733045, 1732917, 0.328717, 0, 0, 524288, 2, 64, 4096, 1726918, 5999, 5871, 0.00346179, 0
0, 262144, 2, 128, 1024, 3426789, 1845319, 1845063, 0.350015, 0, 0, 524288, 2, 128, 2048, 1839213, 5850, 5594, 0.00317062, 0
0, 262144, 2, 256, 512, 3177537, 2094599, 2094087, 0.397296, 0, 0, 524288, 2, 256, 1024, 2086283, 7804, 7292, 0.00372668, 0
0, 262144, 2, 512, 256, 3266389, 2005754, 2004730, 0.380444, 0, 0, 524288, 2, 512, 512, 1992402, 12328, 11304, 0.00614946, 0
0, 262144, 2, 1024, 128, 3063726, 2208382, 2206334, 0.41888, 0, 0, 524288, 2, 1024, 256, 2185828, 20506, 18458, 0.00929415, 0
0, 262144, 2, 2048, 64, 3096316, 2175781, 2171685, 0.412697, 0, 0, 524288, 2, 2048, 128, 2137593, 34092, 29996, 0.0156984, 0
0, 262144, 2, 4096, 32, 3443110, 1828994, 1820802, 0.346919, 0, 0, 524288, 2, 4096, 64, 1763011, 57791, 49603, 0.0317393, 0
0, 262144, 2, 8192, 16, 3179128, 2092965, 2076581, 0.396989, 0, 0, 524288, 2, 8192, 32, 1978511, 98070, 81713, 0.0472267, 0
0, 262144, 2, 16384, 8, 3908679, 1363439, 1330680, 0.258613, 0, 0, 524288, 2, 16384, 16, 1158630, 172050, 139380, 0.129295, 0
0, 262144, 2, 32768, 4, 3459326, 1812771, 1756401, 0.343843, 0, 0, 524288, 2, 32768, 8, 1519794, 236607, 174302, 0.134711, 0
0, 262144, 2, 65536, 2, 3776136, 1495972, 1418239, 0.283752, 0, 0, 524288, 2, 65536, 4, 1168663, 249576, 174112, 0.175976, 0
0, 262144, 2, 131072, 1, 3598115, 1673993, 1570576, 0.317519, 0, 0, 524288, 2, 131072, 2, 1313398, 257178, 175824, 0.163748, 0
0, 262144, 1, 1, 262144, 3401871, 1870272, 1870271, 0.354746, 0, 0, 524288, 1, 1, 524288, 44633, 1825638, 1825637, 0.976136, 0
0, 262144, 1, 2, 131072, 3753828, 1518280, 1518278, 0.287983, 0, 0, 524288, 1, 2, 262144, 545090, 973188, 973186, 0.640981, 0
0, 262144, 1, 4, 65536, 3152734, 2119374, 2119370, 0.401997, 0, 0, 524288, 1, 4, 131072, 1531614, 587756, 587752, 0.277326, 0
0, 262144, 1, 8, 32768, 3679597, 1592507, 1592499, 0.302063, 0, 0, 524288, 1, 8, 65536, 1254200, 338299, 338291, 0.212433, 0
0, 262144, 1, 16, 16384, 4235579, 1036553, 1036537, 0.19661, 0, 0, 524288, 1, 16, 32768, 882291, 154246, 154230, 0.148809, 0
0, 262144, 1, 32, 8192, 4019417, 1252730, 1252698, 0.237613, 0, 0, 524288, 1, 32, 16384, 1165243, 87455, 87423, 0.0698133, 0
0, 262144, 1, 64, 4096, 3013411, 2258736, 2258672, 0.428428, 0, 0, 524288, 1, 64, 8192, 2222745, 35927, 35863, 0.0159063, 0
0, 262144, 1, 128, 2048, 3623753, 1648351, 1648223, 0.312655, 0, 0, 524288, 1, 128, 4096, 1607561, 40662, 40534, 0.0246702, 0
0, 262144, 1, 256, 1024, 4067946, 1204205, 1203949, 0.228409, 0, 0, 524288, 1, 256, 2048, 1185158, 18791, 18535, 0.0156078, 0
0, 262144, 1, 512, 512, 3857878, 1414245, 1413733, 0.26825, 0, 0, 524288, 1, 512, 1024, 1398054, 15679, 15167, 0.0110905, 0
0, 262144, 1, 1024, 256, 3971531, 1300577, 1299553, 0.24669, 0, 0, 524288, 1, 1024, 512, 1282123, 17430, 16406, 0.0134123, 0
0, 262144, 1, 2048, 128, 3166037, 2106106, 2104058, 0.399478, 0, 0, 524288, 1, 2048, 256, 2080425, 23633, 21585, 0.0112321, 0
0, 262144, 1, 4096, 64, 2917846, 2356595, 2352499, 0.446795, 0, 0, 524288, 1, 4096, 128, 2315796, 36703, 32607, 0.0156017, 0
0, 262144, 1, 8192, 32, 3646226, 1625878, 1617686, 0.308393, 0, 0, 524288, 1, 8192, 64, 1558185, 59501, 51309, 0.0367815, 0
0, 262144, 1, 16384, 16, 3728116, 1543981, 1527597, 0.292859, 0, 0, 524288, 1, 16384, 32, 1427932, 99665, 83286, 0.065243, 0
0, 262144, 1, 32768, 8, 3455001, 1817146, 1784394, 0.344669, 0, 0, 524288, 1, 32768, 16, 1612678, 171716, 138948, 0.0962321, 0
0, 262144, 1, 65536, 4, 4074802, 1197306, 1143094, 0.227102, 0, 0, 524288, 1, 65536, 8, 897919, 245175, 182692, 0.214484, 0
0, 262144, 1, 131072, 2, 3625893, 1646211, 1569846, 0.312249, 0, 0, 524288, 1, 131072, 4, 1318486, 251360, 176337, 0.160118, 0
0, 262144, 1, 262144, 1, 4278603, 995771, 896586, 0.188794, 0, 0, 524288, 1, 262144, 2, 627682, 268904, 187189, 0.29992, 0
1, 262144, 512, 1, 512, 3355941, 1916167, 1915655, 0.363454, 0, 1, 524288, 512, 1, 1024, 1909109, 6546, 6034, 0.00341711, 0
1, 262144, 512, 2, 256, 4060369, 1211739, 1210715, 0.22984, 0, 1, 524288, 512, 2, 512, 1199727, 10988, 9964, 0.00907563, 0
1, 262144, 512, 4, 128, 4212559, 1059584, 1057536, 0.200978, 0, 1, 524288, 512, 4, 256, 1039002, 18534, 16486, 0.0175256, 0
1, 262144, 512, 8, 64, 3864151, 1407957, 1403861, 0.267058, 0, 1, 524288, 512, 8, 128, 1372289, 31572, 27476, 0.0224894, 0
1, 262144, 512, 16, 32, 3792337, 1479771, 1471579, 0.280679, 0, 1, 524288, 512, 16, 64, 1417630, 53949, 45757, 0.0366606, 0
1, 262144, 512, 32, 16, 3904698, 1367410, 1351026, 0.259367, 0, 1, 524288, 512, 32, 32, 1259622, 91404, 75020, 0.0676553, 0
1, 262144, 512, 64, 8, 4198347, 1073772, 1041004, 0.20367, 0, 1, 524288, 512, 64, 16, 876752, 164252, 131484, 0.157782, 0
1, 262144, 512, 128, 4, 4724589, 547543, 482097, 0.103856, 0, 1, 524288, 512, 128, 8, 252530, 229567, 164031, 0.476184, 0
1, 262144, 512, 256, 2, 4759569, 512539, 420866, 0.0972171, 0, 1, 524288, 512, 256, 4, 190125, 230741, 161305, 0.548253, 0
1, 262144, 512, 512, 1, 4752785, 521648, 401771, 0.0989012, 0, 1, 524288, 512, 512, 2, 167349, 234422, 162012, 0.583472, 0
1, 262144, 256, 1, 1024, 4091708, 1180389, 1180133, 0.223894, 0, 1, 524288, 256, 1, 2048, 1175935, 4198, 3942, 0.00355723, 0
1, 262144, 256, 2, 512, 4168126, 1103982, 1103470, 0.2094, 0, 1, 524288, 256, 2, 1024, 1097048, 6422, 5910, 0.00581982, 0
1, 262144, 256, 4, 256, 3879450, 1392712, 1391688, 0.264163, 0, 1, 524288, 256, 4, 512, 1380686, 11002, 9978, 0.00790551, 0
1, 262144, 256, 8, 128, 4038945, 1233163, 1231115, 0.233903, 0, 1, 524288, 256, 8, 256, 1212567, 18548, 16500, 0.015066, 0
1, 262144, 256, 16, 64, 3762429, 1509700, 1505604, 0.286355, 0, 1, 524288, 256, 16, 128, 1474041, 31563, 27467, 0.0209637, 0
1, 262144, 256, 32, 32, 3978779, 1293364, 1285172, 0.24532, 0, 1, 524288, 256, 32, 64, 1231218, 53954, 45762, 0.0419819, 0
1, 262144, 256, 64, 16, 3826232, 1445876, 1429492, 0.27425, 0, 1, 524288, 256, 64, 32, 1338037, 91455, 75071, 0.0639773, 0
1, 262144, 256, 128, 8, 4217836, 1054261, 1021493, 0.19997, 0, 1, 524288, 256, 128, 16, 857075, 164418, 131650, 0.160959, 0
1, 262144, 256, 256, 4, 4750721, 521387, 456076, 0.0988954, 0, 1, 524288, 256, 256, 8, 226585, 229491, 163955, 0.503186, 0
1, 262144, 256, 512, 2, 4751566, 520538, 429144, 0.0987344, 0, 1, 524288, 256, 512, 4, 198159, 230985, 161273, 0.538246, 0
1, 262144, 256, 1024, 1, 4739692, 532401, 412795, 0.100985, 0, 1, 524288, 256, 1024, 2, 180126, 232669, 160038, 0.563643, 0
1, 262144, 128, 1, 2048, 3836750, 1435393, 1435265, 0.27226, 0, 1, 524288, 128, 1, 4096, 1432229, 3036, 2908, 0.00211529, 0
1, 262144, 128, 2, 1024, 3966017, 1306087, 1305831, 0.247735, 0, 1, 524288, 128, 2, 2048, 1301726, 4105, 3849, 0.00314359, 0
1, 262144, 128, 4, 512, 4224281, 1047827, 1047315, 0.198749, 0, 1, 524288, 128, 4, 1024, 1040887, 6428, 5916, 0.0061376, 0
1, 262144, 128, 8, 256, 3884331, 1387777, 1386753, 0.26323, 0, 1, 524288, 128, 8, 512, 1375768, 10985, 9961, 0.00792138, 0
1, 262144, 128, 16, 128, 4045959, 1226174, 1224126, 0.232576, 0, 1, 524288, 128, 16, 256, 1205566, 18560, 16512, 0.0151618, 0
1, 262144, 128, 32, 64, 3758766, 1513397, 1509301, 0.287054, 0, 1, 524288, 128, 32, 128, 1477724, 31577, 27481, 0.0209216, 0
1, 262144, 128, 64, 32, 3792759, 1479349, 1471157, 0.280599, 0, 1, 524288, 128, 64, 64, 1417238, 53919, 45727, 0.0366507, 0
1, 262144, 128, 128, 16, 3840593, 1431550, 1415166, 0.271531, 0, 1, 524288, 128, 128, 32, 1323694, 91472, 75088, 0.0646369, 0
1, 262144, 128, 256, 8, 4258167, 1013941, 981173, 0.192322, 0, 1, 524288, 128, 256, 16, 816641, 164532, 131764, 0.167689, 0
1, 262144, 128, 512, 4, 4710592, 561555, 496883, 0.106514, 0, 1, 524288, 128, 512, 8, 267308, 229575, 164039, 0.46203, 0
1, 262144, 128, 1024, 2, 4731050, 541123, 450491, 0.102638, 0, 1, 524288, 128, 1024, 4, 218592, 231899, 161439, 0.514769, 0
1, 262144, 128, 2048, 1, 4753036, 519087, 400268, 0.0984588, 0, 1, 524288, 128, 2048, 2, 166653, 233615, 160216, 0.583646, 0
1, 262144, 64, 1, 4096, 4471342, 800787, 800723, 0.151891, 0, 1, 524288, 64, 1, 8192, 797727, 2996, 2932, 0.00374162, 0
1, 262144, 64, 2, 2048, 4195516, 1076592, 1076464, 0.204205, 0, 1, 524288, 64, 2, 4096, 1073490, 2974, 2846, 0.00276275, 0
1, 262144, 64, 4, 1024, 4266934, 1005170, 1004914, 0.190658, 0, 1, 524288, 64, 4, 2048, 1000811, 4103, 3847, 0.00408294, 0
1, 262144, 64, 8, 512, 4242831, 1031516, 1031004, 0.195572, 0, 1, 524288, 64, 8, 1024, 1024551, 6453, 5941, 0.00625895, 0
1, 262144, 64, 16, 256, 4082207, 1189931, 1188907, 0.225702, 0, 1, 524288, 64, 16, 512, 1177913, 10994, 9970, 0.00924715, 0
1, 262144, 64, 32, 128, 4134593, 1137511, 1135463, 0.21576, 0, 1, 524288, 64, 32, 256, 1116840, 18623, 16575, 0.0164012, 0
1, 262144, 64, 64, 64, 3694537, 1579845, 1575749, 0.299532, 0, 1, 524288, 64, 64, 128, 1543853, 31896, 27800, 0.0202418, 0
1, 262144, 64, 128, 32, 3789244, 1482864, 1474672, 0.281266, 0, 1, 524288, 64, 128, 64, 1420612, 54060, 45868, 0.036659, 0
1, 262144, 64, 256, 16, 3871246, 1400858, 1384474, 0.265711, 0, 1, 524288, 64, 256, 32, 1292796, 91678, 75294, 0.0662187, 0
1, 262144, 64, 512, 8, 4192403, 1079701, 1046933, 0.204795, 0, 1, 524288, 64, 512, 16, 882320, 164613, 131845, 0.157234, 0
1, 262144, 64, 1024, 4, 4713909, 558188, 494393, 0.105876, 0, 1, 524288, 64, 1024, 8, 264730, 229663, 164129, 0.464535, 0
1, 262144, 64, 2048, 2, 4646329, 625779, 536210, 0.118696, 0, 1, 524288, 64, 2048, 4, 303014, 233196, 161612, 0.434897, 0
1, 262144, 64, 4096, 1, 4569189, 702943, 585302, 0.133332, 0, 1, 524288, 64, 4096, 2, 350303, 234999, 160387, 0.4015, 0
1, 262144, 32, 1, 8192, 4314351, 957757, 957725, 0.181665, 0, 1, 524288, 32, 1, 16384, 951562, 6163, 6131, 0.00643504, 0
1, 262144, 32, 2, 4096, 4426359, 848349, 848285, 0.160833, 0, 1, 524288, 32, 2, 8192, 845217, 3068, 3004, 0.00361671, 0
1, 262144, 32, 4, 2048, 4200838, 1073559, 1073431, 0.203542, 0, 1, 524288, 32, 4, 4096, 1070389, 3042, 2914, 0.0028339, 0
1, 262144, 32, 8, 1024, 3892729, 1379468, 1379212, 0.26165, 0, 1, 524288, 32, 8, 2048, 1375111, 4101, 3845, 0.00297344, 0
1, 262144, 32, 16, 512, 3699937, 1572225, 1571713, 0.298213, 0, 1, 524288, 32, 16, 1024, 1565274, 6439, 5927, 0.0040968, 0
1, 262144, 32, 32, 256, 4125762, 1146342, 1145318, 0.217435, 0, 1, 524288, 32, 32, 512, 1134346, 10972, 9948, 0.00957987, 0
1, 262144, 32, 64, 128, 4160239, 1111854, 1109806, 0.210894, 0, 1, 524288, 32, 64, 256, 1091210, 18596, 16548, 0.0167561, 0
1, 262144, 32, 128, 64, 3839398, 1432749, 1428653, 0.271758, 0, 1, 524288, 32, 128, 128, 1397070, 31583, 27487, 0.0221068, 0
1, 262144, 32, 256, 32, 3930454, 1341639, 1333447, 0.254479, 0, 1, 524288, 32, 256, 64, 1279402, 54045, 45853, 0.0405303, 0
1, 262144, 32, 512, 16, 3895673, 1378724, 1362340, 0.261399, 0, 1, 524288, 32, 512, 32, 1269540, 92800, 76416, 0.0681181, 0
1, 262144, 32, 1024, 8, 4134381, 1137727, 1104959, 0.215801, 0, 1, 524288, 32, 1024, 16, 940316, 164643, 131875, 0.149004, 0
1, 262144, 32, 2048, 4, 4644831, 629564, 566014, 0.119362, 0, 1, 524288, 32, 2048, 8, 333449, 232565, 167034, 0.410882, 0
1, 262144, 32, 4096, 2, 4698761, 573386, 483965, 0.108758, 0, 1, 524288, 32, 4096, 4, 250546, 233419, 161679, 0.482306, 0
1, 262144, 32, 8192, 1, 4789886, 482222, 364726, 0.0914666, 0, 1, 524288, 32, 8192, 2, 129493, 235233, 160529, 0.644958, 0
1, 262144, 16, 1, 16384, 4290572, 981521, 981505, 0.186173, 0, 1, 524288, 16, 1, 32768, 953310, 28195, 28179, 0.0287263, 0
1, 262144, 16, 2, 8192, 4319383, 952721, 952689, 0.18071, 0, 1, 524288, 16, 2, 16384, 946705, 5984, 5952, 0.00628117, 0
1, 262144, 16, 4, 4096, 4450729, 821375, 821311, 0.155796, 0, 1, 524288, 16, 4, 8192, 818338, 2973, 2909, 0.00361982, 0
1, 262144, 16, 8, 2048, 3479477, 1792627, 1792499, 0.340021, 0, 1, 524288, 16, 8, 4096, 1789424, 3075, 2947, 0.00171548, 0
1, 262144, 16, 16, 1024, 4327820, 944277, 944021, 0.179108, 0, 1, 524288, 16, 16, 2048, 939880, 4141, 3885, 0.00438655, 0
1, 262144, 16, 32, 512, 3612735, 1659369, 1658857, 0.314745, 0, 1, 524288, 16, 32, 1024, 1652431, 6426, 5914, 0.00387375, 0
1, 262144, 16, 64, 256, 3970269, 1301839, 1300815, 0.246929, 0, 1, 524288, 16, 64, 512, 1289815, 11000, 9976, 0.00845624, 0
1, 262144, 16, 128, 128, 4073780, 1198343, 1196295, 0.227298, 0, 1, 524288, 16, 128, 256, 1177667, 18628, 16580, 0.0155714, 0
1, 262144, 16, 256, 64, 3757002, 1515130, 1511034, 0.287385, 0, 1, 524288, 16, 256, 128, 1479440, 31594, 27498, 0.0209089, 0
1, 262144, 16, 512, 32, 4077449, 1194694, 1186502, 0.226605, 0, 1, 524288, 16, 512, 64, 1132529, 53973, 45781, 0.0454892, 0
1, 262144, 16, 1024, 16, 3811305, 1460803, 1444419, 0.277081, 0, 1, 524288, 16, 1024, 32, 1352589, 91830, 75446, 0.0635757, 0
1, 262144, 16, 2048, 8, 4188540, 1083564, 1050796, 0.205528, 0, 1, 524288, 16, 2048, 16, 885950, 164846, 132078, 0.156877, 0
1, 262144, 16, 4096, 4, 4625542, 648806, 585607, 0.123012, 0, 1, 524288, 16, 4096, 8, 353769, 231838, 166313, 0.395893, 0
1, 262144, 16, 8192, 2, 4778176, 493967, 404966, 0.0936938, 0, 1, 524288, 16, 8192, 4, 170642, 234324, 162207, 0.578626, 0
1, 262144, 16, 16384, 1, 4555976, 716132, 598815, 0.135834, 0, 1, 524288, 16, 16384, 2, 363164, 235651, 160805, 0.393529, 0
1, 262144, 8, 1, 32768, 2573058, 2699046, 2699038, 0.511949, 0, 1, 524288, 8, 1, 65536, 2579496, 119542, 119534, 0.0442906, 0
1, 262144, 8, 2, 16384, 3352617, 1921788, 1921772, 0.364361, 0, 1, 524288, 8, 2, 32768, 1897637, 24135, 24119, 0.0125587, 0
1, 262144, 8, 4, 8192, 4304496, 967597, 967565, 0.183532, 0, 1, 524288, 8, 4, 16384, 961992, 5573, 5541, 0.00575982, 0
1, 262144, 8, 8, 4096, 4365406, 906698, 906634, 0.17198, 0, 1, 524288, 8, 8, 8192, 903415, 3219, 3155, 0.0035505, 0
1, 262144, 8, 16, 2048, 3948617, 1323526, 1323398, 0.251041, 0, 1, 524288, 8, 16, 4096, 1320322, 3076, 2948, 0.00232432, 0
1, 262144, 8, 32, 1024, 4319559, 952549, 952293, 0.180677, 0, 1, 524288, 8, 32, 2048, 948145, 4148, 3892, 0.0043558, 0
1, 262144, 8, 64, 512, 3311872, 1960236, 1959724, 0.371813, 0, 1, 524288, 8, 64, 1024, 1953245, 6479, 5967, 0.00330608, 0
1, 262144, 8, 128, 256, 4065865, 1206267, 1205243, 0.228801, 0, 1, 524288, 8, 128, 512, 1194240, 11003, 9979, 0.00912928, 0
1, 262144, 8, 256, 128, 3906920, 1365188, 1363140, 0.258945, 0, 1, 524288, 8, 256, 256, 1344493, 18647, 16599, 0.0136794, 0
1, 262144, 8, 512, 64, 3976949, 1295155, 1291059, 0.245662, 0, 1, 524288, 8, 512, 128, 1259456, 31603, 27507, 0.0244784, 0
1, 262144, 8, 1024, 32, 3801663, 1470484, 1462292, 0.278916, 0, 1, 524288, 8, 1024, 64, 1408253, 54039, 45847, 0.036955, 0
1, 262144, 8, 2048, 16, 3800292, 1471816, 1455432, 0.27917, 0, 1, 524288, 8, 2048, 32, 1363402, 92030, 75646, 0.0632321, 0
1, 262144, 8, 4096, 8, 4220604, 1053822, 1021054, 0.199798, 0, 1, 524288, 8, 4096, 16, 853889, 167165, 134397, 0.163718, 0
1, 262144, 8, 8192, 4, 4637012, 635122, 572920, 0.120468, 0, 1, 524288, 8, 8192, 8, 342618, 230302, 164814, 0.401979, 0
1, 262144, 8, 16384, 2, 4685580, 586558, 498387, 0.111256, 0, 1, 524288, 8, 16384, 4, 262899, 235488, 162687, 0.4725, 0
1, 262144, 8, 32768, 1, 4656194, 615914, 499795, 0.116825, 0, 1, 524288, 8, 32768, 2, 262068, 237727, 161985, 0.475649, 0
1, 262144, 4, 1, 65536, 4036035, 1236073, 1236069, 0.234455, 0, 1, 524288, 4, 1, 131072, 847623, 388446, 388442, 0.314259, 0
1, 262144, 4, 2, 32768, 3918580, 1354855, 1354847, 0.256921, 0, 1, 524288, 4, 2, 65536, 1248369, 106478, 106470, 0.0785904, 0
1, 262144, 4, 4, 16384, 4170199, 1101905, 1101889, 0.209007, 0, 1, 524288, 4, 4, 32768, 1070280, 31609, 31593, 0.0286862, 0
1, 262144, 4, 8, 8192, 3724789, 1547354, 1547322, 0.293496, 0, 1, 524288, 4, 8, 16384, 1537273, 10049, 10017, 0.00649445, 0
1, 262144, 4, 16, 4096, 4206444, 1065660, 1065596, 0.202132, 0, 1, 524288, 4, 16, 8192, 1061675, 3921, 3857, 0.00367963, 0
1, 262144, 4, 32, 2048, 4241037, 1031071, 1030943, 0.195571, 0, 1, 524288, 4, 32, 4096, 1027749, 3194, 3066, 0.00309813, 0
1, 262144, 4, 64, 1024, 4407001, 865107, 864851, 0.164091, 0, 1, 524288, 4, 64, 2048, 860605, 4246, 3990, 0.00490952, 0
1, 262144, 4, 128, 512, 3520118, 1751986, 1751474, 0.332312, 0, 1, 524288, 4, 128, 1024, 1744893, 6581, 6069, 0.00375741, 0
1, 262144, 4, 256, 256, 4201320, 1070812, 1069788, 0.203108, 0, 1, 524288, 4, 256, 512, 1058613, 11175, 10151, 0.010446, 0
1, 262144, 4, 512, 128, 3565896, 1706212, 1704164, 0.32363, 0, 1, 524288, 4, 512, 256, 1685300, 18864, 16816, 0.0110694, 0
1, 262144, 4, 1024, 64, 3662629, 1609544, 1605448, 0.30529, 0, 1, 524288, 4, 1024, 128, 1573658, 31790, 27694, 0.0198013, 0
1, 262144, 4, 2048, 32, 4021334, 1253048, 1244856, 0.237572, 0, 1, 524288, 4, 2048, 64, 1190093, 54763, 46571, 0.0439914, 0
1, 262144, 4, 4096, 16, 3887805, 1384303, 1367919, 0.262571, 0, 1, 524288, 4, 4096, 32, 1275335, 92584, 76200, 0.0676824, 0
1, 262144, 4, 8192, 8, 4138560, 1133572, 1100804, 0.215012, 0, 1, 524288, 4, 8192, 16, 935011, 165793, 133025, 0.150611, 0
1, 262144, 4, 16384, 4, 4681697, 590450, 529965, 0.111994, 0, 1, 524288, 4, 16384, 8, 298698, 231267, 166042, 0.436382, 0
1, 262144, 4, 32768, 2, 4614800, 657308, 570898, 0.124677, 0, 1, 524288, 4, 32768, 4, 333316, 237582, 163681, 0.416155, 0
1, 262144, 4, 65536, 1, 4546974, 725169, 611001, 0.137547, 0, 1, 524288, 4, 65536, 2, 370548, 240453, 163298, 0.393539, 0
1, 262144, 2, 1, 131072, 3468501, 1803603, 1803601, 0.342103, 0, 1, 524288, 2, 1, 262144, 930675, 872926, 872924, 0.483991, 0
1, 262144, 2, 2, 65536, 3461751, 1810346, 1810342, 0.343383, 0, 1, 524288, 2, 2, 131072, 1464065, 346277, 346273, 0.191277, 0
1, 262144, 2, 4, 32768, 3073474, 2198630, 2198622, 0.417031, 0, 1, 524288, 2, 4, 65536, 2020204, 178418, 178410, 0.0811499, 0
1, 262144, 2, 8, 16384, 3560501, 1711603, 1711587, 0.324653, 0, 1, 524288, 2, 8, 32768, 1658524, 53063, 53047, 0.0310022, 0
1, 262144, 2, 16, 8192, 3987017, 1285169, 1285137, 0.243764, 0, 1, 524288, 2, 16, 16384, 1267180, 17957, 17925, 0.0139728, 0
1, 262144, 2, 32, 4096, 4333037, 939099, 939035, 0.178125, 0, 1, 524288, 2, 32, 8192, 931804, 7231, 7167, 0.00770046, 0
1, 262144, 2, 64, 2048, 4203411, 1068686, 1068558, 0.202706, 0, 1, 524288, 2, 64, 4096, 1063020, 5538, 5410, 0.00518269, 0
1, 262144, 2, 128, 1024, 2945803, 2326340, 2326084, 0.441251, 0, 1, 524288, 2, 128, 2048, 2321192, 4892, 4636, 0.00210311, 0
1, 262144, 2, 256, 512, 3788322, 1483786, 1483274, 0.281441, 0, 1, 524288, 2, 256, 1024, 1476180, 7094, 6582, 0.00478266, 0
1, 262144, 2, 512, 256, 3896306, 1375798, 1374774, 0.260958, 0, 1, 524288, 2, 512, 512, 1363169, 11605, 10581, 0.00844139, 0
1, 262144, 2, 1024, 128, 4030273, 1241831, 1239783, 0.235548, 0, 1, 524288, 2, 1024, 256, 1220247, 19536, 17488, 0.0157576, 0
1, 262144, 2, 2048, 64, 3546154, 1725989, 1721893, 0.327379, 0, 1, 524288, 2, 2048, 128, 1689347, 32546, 28450, 0.0189013, 0
1, 262144, 2, 4096, 32, 3835995, 1436109, 1427917, 0.272398, 0, 1, 524288, 2, 4096, 64, 1372545, 55372, 47180, 0.0387782, 0
1, 262144, 2, 8192, 16, 3886571, 1385537, 1369153, 0.262805, 0, 1, 524288, 2, 8192, 32, 1275093, 94060, 77676, 0.0686994, 0
1, 262144, 2, 16384, 8, 4029166, 1242931, 1210163, 0.235756, 0, 1, 524288, 2, 16384, 16, 1042200, 167963, 135195, 0.138794, 0
1, 262144, 2, 32768, 4, 4577832, 694261, 635738, 0.131686, 0, 1, 524288, 2, 32768, 8, 402273, 233465, 168940, 0.367235, 0
1, 262144, 2, 65536, 2, 4379752, 892414, 809722, 0.169269, 0, 1, 524288, 2, 65536, 4, 567136, 242586, 167238, 0.299592, 0
1, 262144, 2, 131072, 1, 4556840, 717553, 607593, 0.136045, 0, 1, 524288, 2, 131072, 2, 357915, 249678, 170433, 0.41093, 0
1, 262144, 1, 1, 262144, 3420999, 1851113, 1851112, 0.351114, 0, 1, 524288, 1, 1, 524288, 52980, 1798132, 1798131, 0.971379, 0
1, 262144, 1, 2, 131072, 3546052, 1726091, 1726089, 0.327398, 0, 1, 524288, 1, 2, 262144, 699200, 1026889, 1026887, 0.594922, 0
1, 262144, 1, 4, 65536, 3610786, 1661311, 1661307, 0.315114, 0, 1, 524288, 1, 4, 131072, 1009322, 651985, 651981, 0.392453, 0
1, 262144, 1, 8, 32768, 3992823, 1281544, 1281536, 0.242976, 0, 1, 524288, 1, 8, 65536, 918363, 363173, 363165, 0.283389, 0
1, 262144, 1, 16, 16384, 4385659, 886488, 886472, 0.168146, 0, 1, 524288, 1, 16, 32768, 719070, 167402, 167386, 0.188841, 0
1, 262144, 1, 32, 8192, 3744465, 1527643, 1527611, 0.289759, 0, 1, 524288, 1, 32, 16384, 1450836, 76775, 76743, 0.0502582, 0
1, 262144, 1, 64, 4096, 3183073, 2089035, 2088971, 0.396243, 0, 1, 524288, 1, 64, 8192, 2036612, 52359, 52295, 0.0250645, 0
1, 262144, 1, 128, 2048, 3078391, 2193717, 2193589, 0.416099, 0, 1, 524288, 1, 128, 4096, 2159837, 33752, 33624, 0.0153867, 0
1, 262144, 1, 256, 1024, 3292530, 1979578, 1979322, 0.375481, 0, 1, 524288, 1, 256, 2048, 1959672, 19650, 19394, 0.00992764, 0
1, 262144, 1, 512, 512, 3674457, 1597651, 1597139, 0.303038, 0, 1, 524288, 1, 512, 1024, 1583661, 13478, 12966, 0.00843884, 0
1, 262144, 1, 1024, 256, 3300777, 1971359, 1970335, 0.37392, 0, 1, 524288, 1, 1024, 512, 1952482, 17853, 16829, 0.0090609, 0
1, 262144, 1, 2048, 128, 3350441, 1921663, 1919615, 0.364496, 0, 1, 524288, 1, 2048, 256, 1895495, 24120, 22072, 0.012565, 0
1, 262144, 1, 4096, 64, 3501673, 1770431, 1766335, 0.335811, 0, 1, 524288, 1, 4096, 128, 1730693, 35642, 31546, 0.0201785, 0
1, 262144, 1, 8192, 32, 2911980, 2360128, 2351936, 0.447663, 0, 1, 524288, 1, 8192, 64, 2284250, 67686, 59494, 0.0287788, 0
1, 262144, 1, 16384, 16, 3414626, 1857478, 1841094, 0.352322, 0, 1, 524288, 1, 16384, 32, 1742590, 98504, 82123, 0.053503, 0
1, 262144, 1, 32768, 8, 3577787, 1694317, 1661570, 0.321374, 0, 1, 524288, 1, 32768, 16, 1488506, 173064, 140302, 0.104157, 0
1, 262144, 1, 65536, 4, 3679449, 1592694, 1538102, 0.302096, 0, 1, 524288, 1, 65536, 8, 1298101, 240001, 177753, 0.156037, 0
1, 262144, 1, 131072, 2, 4087678, 1184454, 1109605, 0.224663, 0, 1, 524288, 1, 131072, 4, 851214, 258391, 183580, 0.232868, 0
1, 262144, 1, 262144, 1, 3958066, 1314038, 1212721, 0.249244, 0, 1, 524288, 1, 262144, 2, 951469, 261252, 178923, 0.215426, 0
2, 262144, 512, 1, 512, 3598441, 1673667, 1673155, 0.317457, 0, 2, 524288, 512, 1, 1024, 1666505, 6650, 6138, 0.00397453, 0
2, 262144, 512, 2, 256, 3658842, 1615505, 1614481, 0.306295, 0, 2, 524288, 512, 2, 512, 1603215, 11266, 10242, 0.00697809, 0
2, 262144, 512, 4, 128, 3916001, 1356107, 1354059, 0.257223, 0, 2, 524288, 512, 4, 256, 1335048, 19011, 16963, 0.01404, 0
2, 262144, 512, 8, 64, 3884477, 1387620, 1383524, 0.263201, 0, 2, 524288, 512, 8, 128, 1351714, 31810, 27714, 0.022992, 0
2, 262144, 512, 16, 32, 3906887, 1365217, 1357025, 0.258951, 0, 2, 524288, 512, 16, 64, 1302122, 54903, 46711, 0.0404584, 0
2, 262144, 512, 32, 16, 3869437, 1402682, 1386298, 0.266057, 0, 2, 524288, 512, 32, 32, 1294763, 91535, 75151, 0.0660284, 0
2, 262144, 512, 64, 8, 4192292, 1079816, 1047048, 0.204817, 0, 2, 524288, 512, 64, 16, 882102, 164946, 132178, 0.157534, 0
2, 262144, 512, 128, 4, 4694459, 577670, 512226, 0.109571, 0, 2, 524288, 512, 128, 8, 282305, 229921, 164385, 0.448866, 0
2, 262144, 512, 256, 2, 4722172, 549936, 458263, 0.10431, 0, 2, 524288, 512, 256, 4, 227509, 230754, 161275, 0.503541, 0
2, 262144, 512, 512, 1, 4700819, 571893, 451990, 0.108463, 0, 2, 524288, 512, 512, 2, 219033, 232957, 160509, 0.515403, 0
2, 262144, 256, 1, 1024, 2168626, 3103471, 3103215, 0.58866, 0, 2, 524288, 256, 1, 2048, 3098933, 4282, 4026, 0.00137986, 0
2, 262144, 256, 2, 512, 3773145, 1501252, 1500740, 0.28463, 0, 2, 524288, 256, 2, 1024, 1494158, 6582, 6070, 0.00438584, 0
2, 262144, 256, 4, 256, 4006928, 1265219, 1264195, 0.239982, 0, 2, 524288, 256, 4, 512, 1252930, 11265, 10241, 0.00891081, 0
2, 262144, 256, 8, 128, 3694213, 1580126, 1578078, 0.299587, 0, 2, 524288, 256, 8, 256, 1558960, 19118, 17070, 0.0121147, 0
2, 262144, 256, 16, 64, 3859041, 1413063, 1408967, 0.268026, 0, 2, 524288, 256, 16, 128, 1377212, 31755, 27659, 0.0225378, 0
2, 262144, 256, 32, 32, 3969089, 1303015, 1294823, 0.247153, 0, 2, 524288, 256, 32, 64, 1239952, 54871, 46679, 0.0423772, 0
2, 262144, 256, 64, 16, 3837146, 1437268, 1420884, 0.272498, 0, 2, 524288, 256, 64, 32, 1327878, 93006, 76622, 0.0654564, 0
2, 262144, 256, 128, 8, 4152702, 1121646, 1088878, 0.212661, 0, 2, 524288, 256, 128, 16, 921830, 167048, 134280, 0.153413, 0
2, 262144, 256, 256, 4, 4728185, 543919, 478605, 0.103169, 0, 2, 524288, 256, 256, 8, 248372, 230233, 164697, 0.48105, 0
2, 262144, 256, 512, 2, 4703733, 568371, 476968, 0.107807, 0, 2, 524288, 256, 512, 4, 245476, 231492, 161738, 0.485341, 0
2, 262144, 256, 1024, 1, 4720837, 551310, 431704, 0.10457, 0, 2, 524288, 256, 1024, 2, 198319, 233385, 160705, 0.540613, 0
2, 262144, 128, 1, 2048, 4361162, 910970, 910842, 0.17279, 0, 2, 524288, 128, 1, 4096, 907717, 3125, 2997, 0.00343089, 0
2, 262144, 128, 2, 1024, 3765939, 1506222, 1505966, 0.285693, 0, 2, 524288, 128, 2, 2048, 1501657, 4309, 4053, 0.00286129, 0
2, 262144, 128, 4, 512, 3548133, 1723971, 1723459, 0.326999, 0, 2, 524288, 128, 4, 1024, 1716900, 6559, 6047, 0.00380572, 0
2, 262144, 128, 8, 256, 3986842, 1285294, 1284270, 0.24379, 0, 2, 524288, 128, 8, 512, 1273133, 11137, 10113, 0.00867185, 0
2, 262144, 128, 16, 128, 3714058, 1558046, 1555998, 0.295526, 0, 2, 524288, 128, 16, 256, 1537100, 18898, 16850, 0.0121453, 0
2, 262144, 128, 32, 64, 3743789, 1528315, 1524219, 0.289887, 0, 2, 524288, 128, 32, 128, 1492291, 31928, 27832, 0.0209471, 0
2, 262144, 128, 64, 32, 3678573, 1595821, 1587629, 0.30256, 0, 2, 524288, 128, 64, 64, 1532370, 55259, 47067, 0.034806, 0
2, 262144, 128, 128, 16, 3827171, 1444922, 1428538, 0.27407, 0, 2, 524288, 128, 128, 32, 1336627, 91911, 75527, 0.0643392, 0
2, 262144, 128, 256, 8, 4253029, 1019079, 986311, 0.193296, 0, 2, 524288, 128, 256, 16, 821316, 164995, 132227, 0.167285, 0
2, 262144, 128, 512, 4, 4722224, 549880, 485206, 0.1043, 0, 2, 524288, 128, 512, 8, 254981, 230225, 164689, 0.474489, 0
2, 262144, 128, 1024, 2, 4721283, 550853, 460223, 0.104484, 0, 2, 524288, 128, 1024, 4, 227980, 232243, 161719, 0.504631, 0
2, 262144, 128, 2048, 1, 4762771, 509376, 390566, 0.0966164, 0, 2, 524288, 128, 2048, 2, 156410, 234156, 160716, 0.59953, 0
2, 262144, 64, 1, 4096, 4429427, 842709, 842645, 0.159842, 0, 2, 524288, 64, 1, 8192, 839455, 3190, 3126, 0.0037857, 0
2, 262144, 64, 2, 2048, 3810214, 1461890, 1461762, 0.277288, 0, 2, 524288, 64, 2, 4096, 1458646, 3116, 2988, 0.00213167, 0
2, 262144, 64, 4, 1024, 3355398, 1917269, 1917013, 0.363624, 0, 2, 524288, 64, 4, 2048, 1912759, 4254, 3998, 0.00221908, 0
2, 262144, 64, 8, 512, 3414663, 1857484, 1856972, 0.35232, 0, 2, 524288, 64, 8, 1024, 1850373, 6599, 6087, 0.00355363, 0
2, 262144, 64, 16, 256, 3847971, 1424137, 1423113, 0.270127, 0, 2, 524288, 64, 16, 512, 1411949, 11164, 10140, 0.00784477, 0
2, 262144, 64, 32, 128, 3852635, 1419469, 1417421, 0.269241, 0, 2, 524288, 64, 32, 256, 1398446, 18975, 16927, 0.013387, 0
2, 262144, 64, 64, 64, 3716164, 1555940, 1551844, 0.295127, 0, 2, 524288, 64, 64, 128, 1519796, 32048, 27952, 0.0206516, 0
2, 262144, 64, 128, 32, 3784181, 1487927, 1479735, 0.282226, 0, 2, 524288, 64, 128, 64, 1425105, 54630, 46438, 0.0369188, 0
2, 262144, 64, 256, 16, 3822869, 1449239, 1432855, 0.274888, 0, 2, 524288, 64, 256, 32, 1340866, 91989, 75605, 0.0641998, 0
2, 262144, 64, 512, 8, 4283061, 989043, 956275, 0.187599, 0, 2, 524288, 64, 512, 16, 791276, 164999, 132231, 0.172543, 0
2, 262144, 64, 1024, 4, 4597878, 674219, 610409, 0.127884, 0, 2, 524288, 64, 1024, 8, 380476, 229933, 164399, 0.376687, 0
2, 262144, 64, 2048, 2, 4755571, 516537, 426977, 0.0979754, 0, 2, 524288, 64, 2048, 4, 193585, 233392, 161740, 0.546615, 0
2, 262144, 64, 4096, 1, 4650577, 621570, 503925, 0.117897, 0, 2, 524288, 64, 4096, 2, 268614, 235311, 160604, 0.466956, 0
2, 262144, 32, 1, 8192, 4180992, 1091112, 1091080, 0.20696, 0, 2, 524288, 32, 1, 16384, 1085683, 5397, 5365, 0.00494647, 0
2, 262144, 32, 2, 4096, 4482355, 789792, 789728, 0.149805, 0, 2, 524288, 32, 2, 8192, 786561, 3167, 3103, 0.00401024, 0
2, 262144, 32, 4, 2048, 3474325, 1797779, 1797651, 0.340998, 0, 2, 524288, 32, 4, 4096, 1794558, 3093, 2965, 0.00172058, 0
2, 262144, 32, 8, 1024, 4327284, 944852, 944596, 0.179216, 0, 2, 524288, 32, 8, 2048, 940353, 4243, 3987, 0.00449187, 0
2, 262144, 32, 16, 512, 4057873, 1214235, 1213723, 0.230313, 0, 2, 524288, 32, 16, 1024, 1207144, 6579, 6067, 0.00542051, 0
2, 262144, 32, 32, 256, 3606840, 1665264, 1664240, 0.315863, 0, 2, 524288, 32, 32, 512, 1653060, 11180, 10156, 0.00671778, 0
2, 262144, 32, 64, 128, 3977551, 1294561, 1292513, 0.245549, 0, 2, 524288, 32, 64, 256, 1273583, 18930, 16882, 0.0146459, 0
2, 262144, 32, 128, 64, 3771576, 1500532, 1496436, 0.284617, 0, 2, 524288, 32, 128, 128, 1464389, 32047, 27951, 0.0214156, 0
2, 262144, 32, 256, 32, 3889777, 1382327, 1374135, 0.262196, 0, 2, 524288, 32, 256, 64, 1319487, 54648, 46456, 0.039769, 0
2, 262144, 32, 512, 16, 3876831, 1395266, 1378882, 0.264651, 0, 2, 524288, 32, 512, 32, 1286856, 92026, 75642, 0.0667396, 0
2, 262144, 32, 1024, 8, 4035594, 1236503, 1203735, 0.234537, 0, 2, 524288, 32, 1024, 16, 1038860, 164875, 132107, 0.13697, 0
2, 262144, 32, 2048, 4, 4647298, 624806, 561205, 0.118512, 0, 2, 524288, 32, 2048, 8, 331182, 230023, 164491, 0.409873, 0
2, 262144, 32, 4096, 2, 4641509, 630614, 541189, 0.119613, 0, 2, 524288, 32, 4096, 4, 307634, 233555, 161759, 0.431559, 0
2, 262144, 32, 8192, 1, 4736388, 535709, 418172, 0.101612, 0, 2, 524288, 32, 8192, 2, 182898, 235274, 160516, 0.562625, 0
2, 262144, 16, 1, 16384, 3378593, 1895796, 1895780, 0.359434, 0, 2, 524288, 16, 1, 32768, 1874408, 21372, 21356, 0.0112735, 0
2, 262144, 16, 2, 8192, 4288029, 984075, 984043, 0.186657, 0, 2, 524288, 16, 2, 16384, 978406, 5637, 5605, 0.00572841, 0
2, 262144, 16, 4, 4096, 4362469, 909639, 909575, 0.172538, 0, 2, 524288, 16, 4, 8192, 906288, 3287, 3223, 0.00361378, 0
2, 262144, 16, 8, 2048, 4135976, 1136132, 1136004, 0.215499, 0, 2, 524288, 16, 8, 4096, 1132859, 3145, 3017, 0.00276848, 0
2, 262144, 16, 16, 1024, 3912289, 1359858, 1359602, 0.257932, 0, 2, 524288, 16, 16, 2048, 1355300, 4302, 4046, 0.00316416, 0
2, 262144, 16, 32, 512, 3677754, 1594350, 1593838, 0.302412, 0, 2, 524288, 16, 32, 1024, 1587221, 6617, 6105, 0.00415161, 0
2, 262144, 16, 64, 256, 3411567, 1860580, 1859556, 0.352907, 0, 2, 524288, 16, 64, 512, 1848326, 11230, 10206, 0.00603908, 0
2, 262144, 16, 128, 128, 4003638, 1268470, 1266422, 0.2406, 0, 2, 524288, 16, 128, 256, 1247450, 18972, 16924, 0.0149808, 0
2, 262144, 16, 256, 64, 3766512, 1506140, 1502044, 0.285651, 0, 2, 524288, 16, 256, 128, 1470070, 31974, 27878, 0.021287, 0
2, 262144, 16, 512, 32, 3754290, 1517818, 1509626, 0.287896, 0, 2, 524288, 16, 512, 64, 1455255, 54371, 46179, 0.0360162, 0
2, 262144, 16, 1024, 16, 3784535, 1487569, 1471185, 0.282158, 0, 2, 524288, 16, 1024, 32, 1378919, 92266, 75882, 0.0627154, 0
2, 262144, 16, 2048, 8, 3982207, 1292136, 1259368, 0.244985, 0, 2, 524288, 16, 2048, 16, 1092282, 167086, 134318, 0.132674, 0
2, 262144, 16, 4096, 4, 4732689, 541666, 478409, 0.102698, 0, 2, 524288, 16, 4096, 8, 246277, 232132, 166602, 0.485217, 0
2, 262144, 16, 8192, 2, 4597395, 674752, 585818, 0.127984, 0, 2, 524288, 16, 8192, 4, 351402, 234416, 162131, 0.400152, 0
2, 262144, 16, 16384, 1, 4647835, 624312, 507111, 0.118417, 0, 2, 524288, 16, 16384, 2, 271202, 235909, 160899, 0.465202, 0
2, 262144, 8, 1, 32768, 4012453, 1259651, 1259643, 0.238928, 0, 2, 524288, 8, 1, 65536, 1152413, 107230, 107222, 0.0851273, 0
2, 262144, 8, 2, 16384, 2425916, 2846202, 2846186, 0.539859, 0, 2, 524288, 8, 2, 32768, 2820335, 25851, 25835, 0.00908268, 0
2, 262144, 8, 4, 8192, 3764475, 1507618, 1507586, 0.285962, 0, 2, 524288, 8, 4, 16384, 1501928, 5658, 5626, 0.00375302, 0
2, 262144, 8, 8, 4096, 3848548, 1423556, 1423492, 0.270017, 0, 2, 524288, 8, 8, 8192, 1420209, 3283, 3219, 0.0023063, 0
2, 262144, 8, 16, 2048, 4210244, 1061864, 1061736, 0.201412, 0, 2, 524288, 8, 16, 4096, 1058479, 3257, 3129, 0.00306762, 0
2, 262144, 8, 32, 1024, 3734634, 1537474, 1537218, 0.291624, 0, 2, 524288, 8, 32, 2048, 1532915, 4303, 4047, 0.00279921, 0
2, 262144, 8, 64, 512, 3683709, 1588399, 1587887, 0.301283, 0, 2, 524288, 8, 64, 1024, 1581229, 6658, 6146, 0.00419299, 0
2, 262144, 8, 128, 256, 3781863, 1490245, 1489221, 0.282666, 0, 2, 524288, 8, 128, 512, 1478028, 11193, 10169, 0.00751601, 0
2, 262144, 8, 256, 128, 4113274, 1158823, 1156775, 0.219803, 0, 2, 524288, 8, 256, 256, 1137740, 19035, 16987, 0.0164552, 0
2, 262144, 8, 512, 64, 3951899, 1320244, 1316148, 0.250419, 0, 2, 524288, 8, 512, 128, 1284177, 31971, 27875, 0.0242913, 0
2, 262144, 8, 1024, 32, 3813371, 1458722, 1450530, 0.276687, 0, 2, 524288, 8, 1024, 64, 1396130, 54400, 46208, 0.0375035, 0
2, 262144, 8, 2048, 16, 3845285, 1426819, 1410435, 0.270636, 0, 2, 524288, 8, 2048, 32, 1317997, 92438, 76054, 0.0655386, 0
2, 262144, 8, 4096, 8, 3911658, 1360435, 1327667, 0.258045, 0, 2, 524288, 8, 4096, 16, 1162316, 165351, 132583, 0.124543, 0
2, 262144, 8, 8192, 4, 4446690, 825443, 762905, 0.156567, 0, 2, 524288, 8, 8192, 8, 532413, 230492, 164972, 0.302124, 0
2, 262144, 8, 16384, 2, 4516438, 757906, 669505, 0.143697, 0, 2, 524288, 8, 16384, 4, 432250, 237255, 164591, 0.354374, 0
2, 262144, 8, 32768, 1, 4613073, 659035, 542483, 0.125004, 0, 2, 524288, 8, 32768, 2, 305256, 237227, 161916, 0.437299, 0
2, 262144, 4, 1, 65536, 3687316, 1584781, 1584777, 0.300598, 0, 2, 524288, 4, 1, 131072, 1219729, 365048, 365044, 0.230347, 0
2, 262144, 4, 2, 32768, 2047953, 3224151, 3224143, 0.611549, 0, 2, 524288, 4, 2, 65536, 3124150, 99993, 99985, 0.0310138, 0
2, 262144, 4, 4, 16384, 4276745, 997660, 997644, 0.189151, 0, 2, 524288, 4, 4, 32768, 968847, 28797, 28781, 0.028865, 0
2, 262144, 4, 8, 8192, 4122764, 1149369, 1149337, 0.218008, 0, 2, 524288, 4, 8, 16384, 1141822, 7515, 7483, 0.00653855, 0
2, 262144, 4, 16, 4096, 4317438, 956929, 956865, 0.18143, 0, 2, 524288, 4, 16, 8192, 953070, 3795, 3731, 0.00396608, 0
2, 262144, 4, 32, 2048, 3615816, 1658637, 1658509, 0.314466, 0, 2, 524288, 4, 32, 4096, 1655130, 3379, 3251, 0.00203737, 0
2, 262144, 4, 64, 1024, 3731070, 1541034, 1540778, 0.2923, 0, 2, 524288, 4, 64, 2048, 1536334, 4444, 4188, 0.00288426, 0
2, 262144, 4, 128, 512, 3576247, 1695885, 1695373, 0.32167, 0, 2, 524288, 4, 128, 1024, 1688557, 6816, 6304, 0.00402035, 0
2, 262144, 4, 256, 256, 3313394, 1958714, 1957690, 0.371524, 0, 2, 524288, 4, 256, 512, 1946289, 11401, 10377, 0.0058237, 0
2, 262144, 4, 512, 128, 4036172, 1235921, 1233873, 0.234427, 0, 2, 524288, 4, 512, 256, 1214815, 19058, 17010, 0.0154457, 0
2, 262144, 4, 1024, 64, 3749305, 1522852, 1518756, 0.288848, 0, 2, 524288, 4, 1024, 128, 1486599, 32157, 28061, 0.0211732, 0
2, 262144, 4, 2048, 32, 3918299, 1353824, 1345632, 0.256789, 0, 2, 524288, 4, 2048, 64, 1290994, 54638, 46446, 0.040604, 0
2, 262144, 4, 4096, 16, 3082518, 2189590, 2173206, 0.415316, 0, 2, 524288, 4, 4096, 32, 2080172, 93034, 76650, 0.0428096, 0
2, 262144, 4, 8192, 8, 4092217, 1182126, 1149358, 0.224128, 0, 2, 524288, 4, 8192, 16, 981326, 168032, 135264, 0.146196, 0
2, 262144, 4, 16384, 4, 4511309, 760795, 700121, 0.144306, 0, 2, 524288, 4, 16384, 8, 468677, 231444, 166090, 0.330577, 0
2, 262144, 4, 32768, 2, 4364489, 907615, 821045, 0.172154, 0, 2, 524288, 4, 32768, 4, 582808, 238237, 164299, 0.290163, 0
2, 262144, 4, 65536, 1, 4571807, 700301, 585422, 0.132831, 0, 2, 524288, 4, 65536, 2, 345532, 239890, 163543, 0.409773, 0
2, 262144, 2, 1, 131072, 3470328, 1801815, 1801813, 0.341761, 0, 2, 524288, 2, 1, 262144, 916102, 885711, 885709, 0.491567, 0
2, 262144, 2, 2, 65536, 3653365, 1618732, 1618728, 0.307038, 0, 2, 524288, 2, 2, 131072, 1244305, 374423, 374419, 0.231307, 0
2, 262144, 2, 4, 32768, 2763048, 2509056, 2509048, 0.475912, 0, 2, 524288, 2, 4, 65536, 2354413, 154635, 154627, 0.0616309, 0
2, 262144, 2, 8, 16384, 2579312, 2692800, 2692784, 0.510763, 0, 2, 524288, 2, 8, 32768, 2650489, 42295, 42279, 0.0157068, 0
2, 262144, 2, 16, 8192, 2619055, 2653106, 2653074, 0.503229, 0, 2, 524288, 2, 16, 16384, 2636029, 17045, 17013, 0.00642462, 0
2, 262144, 2, 32, 4096, 3720503, 1551601, 1551537, 0.294304, 0, 2, 524288, 2, 32, 8192, 1544925, 6612, 6548, 0.00426158, 0
2, 262144, 2, 64, 2048, 3608655, 1663453, 1663325, 0.31552, 0, 2, 524288, 2, 64, 4096, 1658427, 4898, 4770, 0.0029447, 0
2, 262144, 2, 128, 1024, 3605968, 1666179, 1665923, 0.316034, 0, 2, 524288, 2, 128, 2048, 1660825, 5098, 4842, 0.00306017, 0
2, 262144, 2, 256, 512, 3688894, 1583203, 1582691, 0.300299, 0, 2, 524288, 2, 256, 1024, 1575406, 7285, 6773, 0.00460292, 0
2, 262144, 2, 512, 256, 3003579, 2268525, 2267501, 0.430288, 0, 2, 524288, 2, 512, 512, 2255732, 11769, 10745, 0.0051903, 0
2, 262144, 2, 1024, 128, 3780764, 1491343, 1489295, 0.282874, 0, 2, 524288, 2, 1024, 256, 1469643, 19652, 17604, 0.0131955, 0
2, 262144, 2, 2048, 64, 3369572, 1902525, 1898429, 0.360867, 0, 2, 524288, 2, 2048, 128, 1865690, 32739, 28643, 0.0172453, 0
2, 262144, 2, 4096, 32, 3432477, 1839631, 1831439, 0.348937, 0, 2, 524288, 2, 4096, 64, 1776038, 55401, 47209, 0.03025, 0
2, 262144, 2, 8192, 16, 3400935, 1871173, 1854789, 0.354919, 0, 2, 524288, 2, 8192, 32, 1760233, 94556, 78172, 0.0509794, 0
2, 262144, 2, 16384, 8, 3618556, 1653541, 1620774, 0.31364, 0, 2, 524288, 2, 16384, 16, 1452496, 168278, 135510, 0.103826, 0
2, 262144, 2, 32768, 4, 4196507, 1075601, 1016811, 0.204017, 0, 2, 524288, 2, 32768, 8, 782953, 233858, 169140, 0.229992, 0
2, 262144, 2, 65536, 2, 4165751, 1106342, 1023349, 0.209849, 0, 2, 524288, 2, 65536, 4, 779719, 243630, 168305, 0.238071, 0
2, 262144, 2, 131072, 1, 4392519, 879617, 769742, 0.166843, 0, 2, 524288, 2, 131072, 2, 522163, 247579, 167735, 0.321639, 0
2, 262144, 1, 1, 262144, 3394999, 1877094, 1877093, 0.356043, 0, 2, 524288, 1, 1, 524288, 61267, 1815826, 1815825, 0.967361, 0
2, 262144, 1, 2, 131072, 3653613, 1618480, 1618478, 0.30699, 0, 2, 524288, 1, 2, 262144, 596210, 1022268, 1022266, 0.631623, 0
2, 262144, 1, 4, 65536, 3703793, 1568311, 1568307, 0.297473, 0, 2, 524288, 1, 4, 131072, 986606, 581701, 581697, 0.37091, 0
2, 262144, 1, 8, 32768, 3663179, 1608918, 1608910, 0.305176, 0, 2, 524288, 1, 8, 65536, 1278007, 330903, 330895, 0.205669, 0
2, 262144, 1, 16, 16384, 4414873, 857235, 857219, 0.162598, 0, 2, 524288, 1, 16, 32768, 703673, 153546, 153530, 0.179121, 0
2, 262144, 1, 32, 8192, 4022553, 1249551, 1249519, 0.237012, 0, 2, 524288, 1, 32, 16384, 1158495, 91024, 90992, 0.0728472, 0
2, 262144, 1, 64, 4096, 3979563, 1292545, 1292481, 0.245167, 0, 2, 524288, 1, 64, 8192, 1244145, 48336, 48272, 0.0373978, 0
2, 262144, 1, 128, 2048, 2293333, 2981053, 2980925, 0.565194, 0, 2, 524288, 1, 128, 4096, 2948249, 32676, 32548, 0.0109617, 0
2, 262144, 1, 256, 1024, 3712839, 1559258, 1559002, 0.295757, 0, 2, 524288, 1, 256, 2048, 1532068, 26934, 26678, 0.0172764, 0
2, 262144, 1, 512, 512, 3545236, 1726911, 1726399, 0.327554, 0, 2, 524288, 1, 512, 1024, 1712496, 13903, 13391, 0.00805318, 0
2, 262144, 1, 1024, 256, 3465074, 1807034, 1806010, 0.342754, 0, 2, 524288, 1, 1024, 512, 1789591, 16419, 15395, 0.00909131, 0
2, 262144, 1, 2048, 128, 3128546, 2143562, 2141514, 0.406585, 0, 2, 524288, 1, 2048, 256, 2118118, 23396, 21348, 0.010925, 0
2, 262144, 1, 4096, 64, 3786982, 1487423, 1483327, 0.282008, 0, 2, 524288, 1, 4096, 128, 1447032, 36295, 32199, 0.0244686, 0
2, 262144, 1, 8192, 32, 2895217, 2376887, 2368695, 0.450842, 0, 2, 524288, 1, 8192, 64, 2310253, 58442, 50250, 0.0246727, 0
2, 262144, 1, 16384, 16, 3279091, 1993002, 1976618, 0.378029, 0, 2, 524288, 1, 16384, 32, 1878644, 97974, 81590, 0.0495665, 0
2, 262144, 1, 32768, 8, 3570565, 1701571, 1668815, 0.322748, 0, 2, 524288, 1, 32768, 16, 1495397, 173418, 140658, 0.103917, 0
2, 262144, 1, 65536, 4, 3988117, 1283991, 1229249, 0.243544, 0, 2, 524288, 1, 65536, 8, 988255, 240994, 178488, 0.19605, 0
2, 262144, 1, 131072, 2, 4344121, 927976, 851351, 0.176016, 0, 2, 524288, 1, 131072, 4, 594053, 257298, 182929, 0.302223, 0
2, 262144, 1, 262144, 1, 3781164, 1490929, 1388177, 0.282796, 0, 2, 524288, 1, 262144, 2, 1127461, 260716, 179181, 0.187812, 0
